[{"model": "admin.logentry", "pk": 1, "fields": {"action_time": "2026-03-03T15:33:38.492Z", "user": 2, "content_type": 13, "object_id": "1", "object_repr": "AGR-2026-001 - Loan Agreement", "action_flag": 1, "change_message": "[{\"added\": {}}]"}}, {"model": "admin.logentry", "pk": 2, "fields": {"action_time": "2026-03-03T15:40:22.779Z", "user": 2, "content_type": 5, "object_id": "1", "object_repr": "Service Agreement - ABC Technologies", "action_flag": 1, "change_message": "[{\"added\": {}}]"}}, {"model": "admin.logentry", "pk": 3, "fields": {"action_time": "2026-03-03T15:41:33.583Z", "user": 2, "content_type": 6, "object_id": "1", "object_repr": "1", "action_flag": 1, "change_message": "[{\"added\": {}}]"}}, {"model": "admin.logentry", "pk": 4, "fields": {"action_time": "2026-03-03T15:42:27.721Z", "user": 2, "content_type": 6, "object_id": "1", "object_repr": "1", "action_flag": 2, "change_message": "[]"}}, {"model": "admin.logentry", "pk": 5, "fields": {"action_time": "2026-03-03T15:43:18.624Z", "user": 2, "content_type": 7, "object_id": "1", "object_repr": "Daily Report", "action_flag": 1, "change_message": "[{\"added\": {}}]"}}, {"model": "admin.logentry", "pk": 6, "fields": {"action_time": "2026-03-03T15:44:16.962Z", "user": 2, "content_type": 5, "object_id": "2", "object_repr": "Service Agreement - ABC Pvt Ltd", "action_flag": 1, "change_message": "[{\"added\": {}}]"}}, {"model": "admin.logentry", "pk": 7, "fields": {"action_time": "2026-03-03T15:56:34.626Z", "user": 2, "content_type": 5, "object_id": "3", "object_repr": "Employment Agreement - sri", "action_flag": 1, "change_message": "[{\"added\": {}}]"}}, {"model": "admin.logentry", "pk": 8, "fields": {"action_time": "2026-03-03T15:59:05.819Z", "user": 2, "content_type": 3, "object_id": "3", "object_repr": "sri", "action_flag": 1, "change_message": "[{\"added\": {}}]"}}, {"model": "admin.logentry", "pk": 9, "fields": {"action_time": "2026-03-03T15:59:51.983Z", "user": 2, "content_type": 3, "object_id": "4", "object_repr": "nidhi", "action_flag": 1, "change_message": "[{\"added\": {}}]"}}, {"model": "admin.logentry", "pk": 10, "fields": {"action_time": "2026-03-03T16:00:24.305Z", "user": 2, "content_type": 6, "object_id": "2", "object_repr": "3", "action_flag": 1, "change_message": "[{\"added\": {}}]"}}, {"model": "admin.logentry", "pk": 11, "fields": {"action_time": "2026-03-03T16:06:49.327Z", "user": 2, "content_type": 5, "object_id": "4", "object_repr": "Vendor Contract - ABC Suppliers", "action_flag": 1, "change_message": "[{\"added\": {}}]"}}, {"model": "admin.logentry", "pk": 12, "fields": {"action_time": "2026-03-03T16:07:02.538Z", "user": 2, "content_type": 6, "object_id": "3", "object_repr": "4", "action_flag": 1, "change_message": "[{\"added\": {}}]"}}, {"model": "admin.logentry", "pk": 13, "fields": {"action_time": "2026-03-03T16:07:51.284Z", "user": 2, "content_type": 7, "object_id": "2", "object_repr": "Weekly Report", "action_flag": 1, "change_message": "[{\"added\": {}}]"}}, {"model": "admin.logentry", "pk": 14, "fields": {"action_time": "2026-03-03T16:28:17.034Z", "user": 2, "content_type": 11, "object_id": "1", "object_repr": "1 - srinidhi", "action_flag": 1, "change_message": "[{\"added\": {}}]"}}, {"model": "admin.logentry", "pk": 15, "fields": {"action_time": "2026-03-03T16:34:05.547Z", "user": 2, "content_type": 13, "object_id": "1", "object_repr": "AGR-2026-001 - Loan Agreement", "action_flag": 2, "change_message": "[{\"changed\": {\"fields\": [\"Assigned to\"]}}]"}}, {"model": "admin.logentry", "pk": 16, "fields": {"action_time": "2026-03-03T16:58:54.724Z", "user": 2, "content_type": 13, "object_id": "2", "object_repr": "AGR-2026-010 - Collateral Agreement", "action_flag": 1, "change_message": "[{\"added\": {}}]"}}, {"model": "admin.logentry", "pk": 17, "fields": {"action_time": "2026-03-03T17:25:57.676Z", "user": 2, "content_type": 5, "object_id": "5", "object_repr": "Agreement Records û Sample Data", "action_flag": 1, "change_message": "[{\"added\": {}}]"}}, {"model": "admin.logentry", "pk": 18, "fields": {"action_time": "2026-03-03T18:22:37.336Z", "user": 2, "content_type": 12, "object_id": "1", "object_repr": "Kaduru Srinidhi - Business", "action_flag": 1, "change_message": "[{\"added\": {}}]"}}, {"model": "admin.logentry", "pk": 19, "fields": {"action_time": "2026-03-04T13:23:56.973Z", "user": 2, "content_type": 5, "object_id": "6", "object_repr": "Rental Agreement û March 2026", "action_flag": 1, "change_message": "[{\"added\": {}}]"}}, {"model": "admin.logentry", "pk": 20, "fields": {"action_time": "2026-03-04T13:26:14.331Z", "user": 2, "content_type": 3, "object_id": "5", "object_repr": "Lekha", "action_flag": 1, "change_message": "[{\"added\": {}}]"}}, {"model": "admin.logentry", "pk": 21, "fields": {"action_time": "2026-03-04T13:27:13.757Z", "user": 2, "content_type": 3, "object_id": "6", "object_repr": "user", "action_flag": 1, "change_message": "[{\"added\": {}}]"}}, {"model": "admin.logentry", "pk": 22, "fields": {"action_time": "2026-03-04T13:29:44.053Z", "user": 2, "content_type": 6, "object_id": "4", "object_repr": "6", "action_flag": 1, "change_message": "[{\"added\": {}}]"}}, {"model": "admin.logentry", "pk": 23, "fields": {"action_time": "2026-03-04T13:31:56.462Z", "user": 2, "content_type": 5, "object_id": "7", "object_repr": "Rental Agreement û March 2026", "action_flag": 1, "change_message": "[{\"added\": {}}]"}}, {"model": "admin.logentry", "pk": 24, "fields": {"action_time": "2026-03-04T13:33:05.672Z", "user": 2, "content_type": 7, "object_id": "3", "object_repr": "Daily Report", "action_flag": 1, "change_message": "[{\"added\": {}}]"}}, {"model": "admin.logentry", "pk": 25, "fields": {"action_time": "2026-03-04T13:40:07.412Z", "user": 2, "content_type": 5, "object_id": "8", "object_repr": "Invoice û March 2026", "action_flag": 1, "change_message": "[{\"added\": {}}]"}}, {"model": "admin.logentry", "pk": 26, "fields": {"action_time": "2026-03-04T13:42:01.452Z", "user": 2, "content_type": 3, "object_id": "7", "object_repr": "shiva", "action_flag": 1, "change_message": "[{\"added\": {}}]"}}, {"model": "admin.logentry", "pk": 27, "fields": {"action_time": "2026-03-04T13:44:04.394Z", "user": 2, "content_type": 3, "object_id": "8", "object_repr": "srilekha", "action_flag": 1, "change_message": "[{\"added\": {}}]"}}, {"model": "admin.logentry", "pk": 28, "fields": {"action_time": "2026-03-04T13:45:31.621Z", "user": 2, "content_type": 6, "object_id": "5", "object_repr": "8", "action_flag": 1, "change_message": "[{\"added\": {}}]"}}, {"model": "admin.logentry", "pk": 29, "fields": {"action_time": "2026-03-04T13:48:09.871Z", "user": 2, "content_type": 5, "object_id": "9", "object_repr": "Invoice û March 2026", "action_flag": 1, "change_message": "[{\"added\": {}}]"}}, {"model": "admin.logentry", "pk": 30, "fields": {"action_time": "2026-03-04T13:48:39.529Z", "user": 2, "content_type": 7, "object_id": "4", "object_repr": "Daily Report", "action_flag": 1, "change_message": "[{\"added\": {}}]"}}, {"model": "admin.logentry", "pk": 31, "fields": {"action_time": "2026-03-04T13:55:35.166Z", "user": 2, "content_type": 5, "object_id": "10", "object_repr": "Employment Contract û New Hire", "action_flag": 1, "change_message": "[{\"added\": {}}]"}}, {"model": "admin.logentry", "pk": 32, "fields": {"action_time": "2026-03-04T14:02:36.133Z", "user": 2, "content_type": 5, "object_id": "11", "object_repr": "Office Memo û Policy Update", "action_flag": 1, "change_message": "[{\"added\": {}}]"}}, {"model": "admin.logentry", "pk": 33, "fields": {"action_time": "2026-03-04T14:06:13.157Z", "user": 2, "content_type": 6, "object_id": "6", "object_repr": "11", "action_flag": 1, "change_message": "[{\"added\": {}}]"}}, {"model": "admin.logentry", "pk": 34, "fields": {"action_time": "2026-03-04T15:23:41.704Z", "user": 2, "content_type": 5, "object_id": "12", "object_repr": "Purchase Order û Office Supplies", "action_flag": 1, "change_message": "[{\"added\": {}}]"}}, {"model": "admin.logentry", "pk": 35, "fields": {"action_time": "2026-03-04T15:27:53.458Z", "user": 2, "content_type": 6, "object_id": "7", "object_repr": "12", "action_flag": 1, "change_message": "[{\"added\": {}}]"}}, {"model": "admin.logentry", "pk": 36, "fields": {"action_time": "2026-03-05T11:02:02.518Z", "user": 2, "content_type": 11, "object_id": "2", "object_repr": "2 - Vendor Registration Form", "action_flag": 1, "change_message": "[{\"added\": {}}]"}}, {"model": "admin.logentry", "pk": 37, "fields": {"action_time": "2026-03-05T11:55:45.501Z", "user": 2, "content_type": 11, "object_id": "5", "object_repr": "5 - Employment Contract", "action_flag": 1, "change_message": "[{\"added\": {}}]"}}, {"model": "admin.logentry", "pk": 38, "fields": {"action_time": "2026-03-05T12:24:55.262Z", "user": 2, "content_type": 11, "object_id": "7", "object_repr": "7 - Partnership Agreement", "action_flag": 1, "change_message": "[{\"added\": {}}]"}}, {"model": "admin.logentry", "pk": 39, "fields": {"action_time": "2026-03-05T12:26:49.211Z", "user": 2, "content_type": 11, "object_id": "8", "object_repr": "8 - Internship Offer Letter", "action_flag": 1, "change_message": "[{\"added\": {}}]"}}, {"model": "admin.logentry", "pk": 40, "fields": {"action_time": "2026-03-05T12:30:14.757Z", "user": 2, "content_type": 13, "object_id": "3", "object_repr": "AGR002 - Guarantor Agreement", "action_flag": 1, "change_message": "[{\"added\": {}}]"}}, {"model": "admin.logentry", "pk": 41, "fields": {"action_time": "2026-03-05T12:47:09.096Z", "user": 2, "content_type": 16, "object_id": "4", "object_repr": " - Loan Agreement", "action_flag": 1, "change_message": "[{\"added\": {}}]"}}, {"model": "admin.logentry", "pk": 42, "fields": {"action_time": "2026-03-05T13:36:54.016Z", "user": 2, "content_type": 13, "object_id": "6", "object_repr": "AGR-9977 - Collateral Agreement", "action_flag": 1, "change_message": "[{\"added\": {}}]"}}, {"model": "admin.logentry", "pk": 43, "fields": {"action_time": "2026-03-05T13:38:16.905Z", "user": 2, "content_type": 14, "object_id": "1", "object_repr": "Assigned to Priya", "action_flag": 1, "change_message": "[{\"added\": {}}]"}}, {"model": "admin.logentry", "pk": 44, "fields": {"action_time": "2026-03-05T13:43:10.926Z", "user": 2, "content_type": 13, "object_id": "7", "object_repr": "AGR-2026 - Loan Agreement", "action_flag": 1, "change_message": "[{\"added\": {}}]"}}, {"model": "admin.logentry", "pk": 45, "fields": {"action_time": "2026-03-05T13:43:17.226Z", "user": 2, "content_type": 14, "object_id": "2", "object_repr": "Assigned to Sneha", "action_flag": 1, "change_message": "[{\"added\": {}}]"}}, {"model": "admin.logentry", "pk": 46, "fields": {"action_time": "2026-03-05T17:27:31.527Z", "user": 2, "content_type": 6, "object_id": "8", "object_repr": "7", "action_flag": 1, "change_message": "[{\"added\": {}}]"}}, {"model": "admin.logentry", "pk": 47, "fields": {"action_time": "2026-03-05T17:32:03.720Z", "user": 2, "content_type": 5, "object_id": "13", "object_repr": "Property Sale Agreement", "action_flag": 1, "change_message": "[{\"added\": {}}]"}}, {"model": "auth.user", "pk": 1, "fields": {"password": "pbkdf2_sha256$1200000$7jHZIcTHqVg8CqgZR1adeh$K8DY/E17hLkAD5C7bUepAvxb4mcQIQ8oowLfuwRhiFU=", "last_login": "2026-02-27T13:03:24.711Z", "is_superuser": true, "username": "harika", "first_name": "", "last_name": "", "email": "", "is_staff": true, "is_active": true, "date_joined": "2026-02-27T13:03:05.118Z", "groups": [], "user_permissions": []}}, {"model": "auth.user", "pk": 2, "fields": {"password": "pbkdf2_sha256$1200000$oIjjXcEWhb5EkLSbmKhoPy$KvdF0eOFGeYXnvu9ErxEMrX/Fdp/0wAG7V9lyHOUVpQ=", "last_login": "2026-03-03T14:50:49.299Z", "is_superuser": true, "username": "srinidhi", "first_name": "", "last_name": "", "email": "srinidhi@gmail.com", "is_staff": true, "is_active": true, "date_joined": "2026-03-03T14:50:07.102Z", "groups": [], "user_permissions": []}}, {"model": "auth.user", "pk": 3, "fields": {"password": "pbkdf2_sha256$1200000$uiDZjBiWEUeGgBwsBNCXAj$ubFFxfo41ExYCTX+/COvXyMacXbe5UHDtc2o6VEC81I=", "last_login": null, "is_superuser": false, "username": "sri", "first_name": "", "last_name": "", "email": "", "is_staff": false, "is_active": true, "date_joined": "2026-03-03T15:59:04.440Z", "groups": [], "user_permissions": []}}, {"model": "auth.user", "pk": 4, "fields": {"password": "pbkdf2_sha256$1200000$4OLPw4LE7T8oZJeW7exXXs$n5e11PvEU95gbR2MJlcN7Ico937PRFrHmAfnNRPrdHc=", "last_login": null, "is_superuser": false, "username": "nidhi", "first_name": "", "last_name": "", "email": "", "is_staff": false, "is_active": true, "date_joined": "2026-03-03T15:59:50.600Z", "groups": [], "user_permissions": []}}, {"model": "auth.user", "pk": 5, "fields": {"password": "pbkdf2_sha256$1200000$v5k3CB5xF3YfLtKKxsabxA$gjSMzdh8cChhbnQdQxOiwkDQc9otT8n8W6Gs+EnKiHQ=", "last_login": null, "is_superuser": false, "username": "Lekha", "first_name": "", "last_name": "", "email": "", "is_staff": false, "is_active": true, "date_joined": "2026-03-04T13:26:12.240Z", "groups": [], "user_permissions": []}}, {"model": "auth.user", "pk": 6, "fields": {"password": "pbkdf2_sha256$1200000$jACXQrtfy9CcEO0bSnuQYI$aWW5PJxB1rShBsFWQOh/kTdNe8C2YNJ7WAnxOpeEOx4=", "last_login": null, "is_superuser": false, "username": "user", "first_name": "", "last_name": "", "email": "", "is_staff": false, "is_active": true, "date_joined": "2026-03-04T13:27:11.710Z", "groups": [], "user_permissions": []}}, {"model": "auth.user", "pk": 7, "fields": {"password": "pbkdf2_sha256$1200000$eziOVesWDgHabTIaPUKAhT$9V4VFZ8GSmgGisdmgASOwdLCzIp0IFGtYF0AYekE0QI=", "last_login": null, "is_superuser": false, "username": "shiva", "first_name": "", "last_name": "", "email": "", "is_staff": false, "is_active": true, "date_joined": "2026-03-04T13:41:59.091Z", "groups": [], "user_permissions": []}}, {"model": "auth.user", "pk": 8, "fields": {"password": "pbkdf2_sha256$1200000$crqWClMpHfZPlxdAU1tctZ$BwKRb7NZbAx8xkv0xG2Qpi1kev0nD1gWKd5/U7rweZs=", "last_login": null, "is_superuser": false, "username": "srilekha", "first_name": "", "last_name": "", "email": "", "is_staff": false, "is_active": true, "date_joined": "2026-03-04T13:44:02.216Z", "groups": [], "user_permissions": []}}, {"model": "auth.user", "pk": 9, "fields": {"password": "pbkdf2_sha256$1200000$nwVK8m2lxI201UpccjzYNU$/15fgOAFU5lYYe3JR7MzwaT8D5Ph/c+B4XS1VA3WrIg=", "last_login": null, "is_superuser": false, "username": "test_reviewer", "first_name": "Test", "last_name": "Reviewer", "email": "reviewer@example.com", "is_staff": false, "is_active": true, "date_joined": "2026-03-04T15:14:42.835Z", "groups": [], "user_permissions": []}}, {"model": "auth.user", "pk": 10, "fields": {"password": "pbkdf2_sha256$1200000$KgWz5SXXqa8C8UJ6ydGt3o$JdvYiJXyQnJeJZX0hLJu2oMyXAmefBfe4NnARPJAqUs=", "last_login": null, "is_superuser": false, "username": "testuser@example.com", "first_name": "Test", "last_name": "User", "email": "testuser@example.com", "is_staff": false, "is_active": true, "date_joined": "2026-03-04T17:32:41.541Z", "groups": [], "user_permissions": []}}, {"model": "auth.user", "pk": 11, "fields": {"password": "pbkdf2_sha256$1200000$lgkshob7fdrtmfGiUFPLbl$oO7Tv5RCY0DC0APvTMtnh6x65llAwwmEiT/zl5D8pd4=", "last_login": null, "is_superuser": false, "username": "testuser2@example.com", "first_name": "Test", "last_name": "User", "email": "testuser2@example.com", "is_staff": false, "is_active": true, "date_joined": "2026-03-04T17:32:55.254Z", "groups": [], "user_permissions": []}}, {"model": "auth.user", "pk": 12, "fields": {"password": "pbkdf2_sha256$1200000$IfAT08N691cOGqSMYRNEk3$isb5KMU979DhoaucV2T0wby2ilmJH5idalklQP4orD0=", "last_login": null, "is_superuser": false, "username": "test_api@example.com", "first_name": "Test", "last_name": "User", "email": "test_api@example.com", "is_staff": false, "is_active": true, "date_joined": "2026-03-04T17:33:51.328Z", "groups": [], "user_permissions": []}}, {"model": "auth.user", "pk": 13, "fields": {"password": "pbkdf2_sha256$1200000$m8rrRiht30pDtmEtZVW5Tt$Av41dE4NnpbOVnzDJ4k/IsA6T6Lj9EqiDO2VMGfDM80=", "last_login": null, "is_superuser": false, "username": "sri@gmail.com", "first_name": "srinidhi", "last_name": "", "email": "sri@gmail.com", "is_staff": false, "is_active": true, "date_joined": "2026-03-04T17:37:40.834Z", "groups": [], "user_permissions": []}}, {"model": "auth.user", "pk": 14, "fields": {"password": "pbkdf2_sha256$1200000$f6gR5Ziol6Dpqhv0mdSM87$AyX/BIDv3eDWv1lCmqIeSpf4ubcYIcegzS9qz+6qTo4=", "last_login": null, "is_superuser": false, "username": "nidhi@gmail.com", "first_name": "nidhi", "last_name": "", "email": "nidhi@gmail.com", "is_staff": false, "is_active": true, "date_joined": "2026-03-05T10:26:36.801Z", "groups": [], "user_permissions": []}}, {"model": "auth.user", "pk": 15, "fields": {"password": "pbkdf2_sha256$1200000$BBBaFzwH17APjUNTSpNTdx$XepAq5/3/ZZ2d0J9eJl8t6BjR6p/HspFa5iFW4jkz6k=", "last_login": null, "is_superuser": false, "username": "lekha@gmail.com", "first_name": "lekha", "last_name": "", "email": "lekha@gmail.com", "is_staff": false, "is_active": true, "date_joined": "2026-03-05T13:48:20.697Z", "groups": [], "user_permissions": []}}, {"model": "sessions.session", "pk": "j9fjuy6wk8gw702bklxtcgmbbyo9yetu", "fields": {"session_data": ".eJxVjDEKwzAMAP-iuRjZseMoY_e-wciWqNOWBOJkKv17CWRo17vj3pB432ram65pEhjBweWXZS5PnQ8hD57viynLvK1TNkdiTtvMbRF9Xc_2b1C5VRgBCWkQ1eIGj6gudiF4ER8jo_RecrEkHFhtQELhIrZD35fcE0XrCD5f1Ww3aw:1vxR5F:FjwZhdZd6awrg3o3qJM87FVKthWpGALy4OAjB6JPk3A", "expire_date": "2026-03-17T14:50:49.308Z"}}, {"model": "sessions.session", "pk": "m4dxhov1y8qscu0w4anhl9af4om7ym7g", "fields": {"session_data": ".eJxVjEEOwiAQRe8ya0OgNMB06d4zEGYAqRpISrsy3t2QdKHL_97Lf4MPx1780dPm1wgLKLj8Mgr8THWI-Aj13gS3um8riZGI03ZxazG9rmf7d1BCL7AAOyTHKWfkICdNNgfp2JJRjrWWGecZlXVSozaElsZQE2XjVELKCj5f7Lo3kA:1vvxV6:5tJX0ouXDP1YBP75xqU-Ep6NCnyhF1zTJy2kxjF1M4Y", "expire_date": "2026-03-13T13:03:24.717Z"}}, {"model": "dashboard.document", "pk": 1, "fields": {"title": "Service Agreement - ABC Technologies", "document_type": "Agreement", "uploaded_file": "", "uploaded_at": "2026-03-03T15:40:22.768Z"}}, {"model": "dashboard.document", "pk": 2, "fields": {"title": "Service Agreement - ABC Pvt Ltd", "document_type": "Agreement", "uploaded_file": "", "uploaded_at": "2026-03-03T15:44:16.957Z"}}, {"model": "dashboard.document", "pk": 3, "fields": {"title": "Employment Agreement - sri", "document_type": "Agreement", "uploaded_file": "", "uploaded_at": "2026-03-03T15:56:34.619Z"}}, {"model": "dashboard.document", "pk": 4, "fields": {"title": "Vendor Contract - ABC Suppliers", "document_type": "Legal Contract Document - 2026", "uploaded_file": "", "uploaded_at": "2026-03-03T16:06:49.321Z"}}, {"model": "dashboard.document", "pk": 5, "fields": {"title": "Agreement Records û Sample Data", "document_type": "Agreement Document", "uploaded_file": "documents/Agreements_With_Sample_Data_2.xlsx", "uploaded_at": "2026-03-03T17:25:57.641Z"}}, {"model": "dashboard.document", "pk": 6, "fields": {"title": "Rental Agreement û March 2026", "document_type": "Agreement", "uploaded_file": "documents/Book1.xlsx", "uploaded_at": "2026-03-04T13:23:56.951Z"}}, {"model": "dashboard.document", "pk": 7, "fields": {"title": "Rental Agreement û March 2026", "document_type": "Agreement", "uploaded_file": "documents/Book1_WJ3HnjL.xlsx", "uploaded_at": "2026-03-04T13:31:56.455Z"}}, {"model": "dashboard.document", "pk": 8, "fields": {"title": "Invoice û March 2026", "document_type": "Invoice", "uploaded_file": "documents/Book1_OislbZe.xlsx", "uploaded_at": "2026-03-04T13:40:07.407Z"}}, {"model": "dashboard.document", "pk": 9, "fields": {"title": "Invoice û March 2026", "document_type": "Invoice", "uploaded_file": "documents/Book1_tXbaXkK.xlsx", "uploaded_at": "2026-03-04T13:48:09.860Z"}}, {"model": "dashboard.document", "pk": 10, "fields": {"title": "Employment Contract û New Hire", "document_type": "Contract", "uploaded_file": "documents/Book1_FohcaaZ.xlsx", "uploaded_at": "2026-03-04T13:55:35.156Z"}}, {"model": "dashboard.document", "pk": 11, "fields": {"title": "Office Memo û Policy Update", "document_type": "Memo", "uploaded_file": "documents/Book2.xlsx", "uploaded_at": "2026-03-04T14:02:36.118Z"}}, {"model": "dashboard.document", "pk": 12, "fields": {"title": "Purchase Order û Office Supplies", "document_type": "Purchase Order", "uploaded_file": "documents/Book2_72FlhWi.xlsx", "uploaded_at": "2026-03-04T15:23:41.688Z"}}, {"model": "dashboard.document", "pk": 13, "fields": {"title": "Property Sale Agreement", "document_type": "Sale Agreement", "uploaded_file": "documents/Book2_7Gtyql5.xlsx", "uploaded_at": "2026-03-05T17:32:03.714Z"}}, {"model": "dashboard.review", "pk": 1, "fields": {"review_title": "Loan Agreement Review - Pending", "description": "Review loan agreement terms and conditions", "assigned_to": 9, "status": "Pending", "created_at": "2026-03-02T15:14:44.106Z"}}, {"model": "dashboard.review", "pk": 2, "fields": {"review_title": "Property Document Review - Pending", "description": "Verify property ownership documents", "assigned_to": 9, "status": "Pending", "created_at": "2026-03-01T15:14:44.123Z"}}, {"model": "dashboard.review", "pk": 3, "fields": {"review_title": "Collateral Review - Pending", "description": "Review collateral documentation", "assigned_to": 9, "status": "Pending", "created_at": "2026-03-03T15:14:44.137Z"}}, {"model": "dashboard.review", "pk": 4, "fields": {"review_title": "Income Proof Verification - Approved", "description": "Verify income proof documents", "assigned_to": 9, "status": "Approved", "created_at": "2026-03-04T15:14:44.149Z"}}, {"model": "dashboard.review", "pk": 5, "fields": {"review_title": "Credit Agreement - Approved", "description": "Credit agreement compliance check", "assigned_to": 9, "status": "Approved", "created_at": "2026-03-04T15:14:44.164Z"}}, {"model": "dashboard.review", "pk": 6, "fields": {"review_title": "Mortgage Agreement - Approved", "description": "Mortgage documentation review", "assigned_to": 9, "status": "Approved", "created_at": "2026-02-27T15:14:44.179Z"}}, {"model": "dashboard.review", "pk": 7, "fields": {"review_title": "KYC Documents - Approved", "description": "KYC documentation verification", "assigned_to": 9, "status": "Approved", "created_at": "2026-02-25T15:14:44.192Z"}}, {"model": "dashboard.review", "pk": 8, "fields": {"review_title": "Business Loan - Approved", "description": "Business loan agreement review", "assigned_to": 9, "status": "Approved", "created_at": "2026-02-22T15:14:44.206Z"}}, {"model": "dashboard.review", "pk": 9, "fields": {"review_title": "Invalid Documents - Rejected", "description": "Incomplete documentation", "assigned_to": 9, "status": "Rejected", "created_at": "2026-02-28T15:14:44.221Z"}}, {"model": "dashboard.review", "pk": 10, "fields": {"review_title": "Expired Proof - Rejected", "description": "Documents expired", "assigned_to": 9, "status": "Rejected", "created_at": "2026-02-24T15:14:44.233Z"}}, {"model": "dashboard.review", "pk": 11, "fields": {"review_title": "Test API Review", "description": "This is a test review created via API", "assigned_to": 1, "status": "Pending", "created_at": "2026-03-04T16:14:52.194Z"}}, {"model": "dashboard.review", "pk": 12, "fields": {"review_title": "Contract Approval û New Employee", "description": "Verify employment terms, salary details, and policy compliance before final approval.", "assigned_to": 4, "status": "Pending", "created_at": "2026-03-04T16:19:10.719Z"}}, {"model": "dashboard.review", "pk": 13, "fields": {"review_title": "Loan Agreement Verification û AGR-2026-001", "description": "Review the loan agreement documents submitted by the client. Verify income proof, identity documents, and loan repayment terms before approval.", "assigned_to": 2, "status": "Pending", "created_at": "2026-03-05T13:47:00.283Z"}}, {"model": "dashboard.review", "pk": 14, "fields": {"review_title": "Loan Agreement Verification û AGR-2026-001", "description": "loan agreement", "assigned_to": 2, "status": "Pending", "created_at": "2026-03-08T06:40:25.475Z"}}, {"model": "dashboard.report", "pk": 1, "fields": {"report_type": "Daily", "date_from": "2026-03-05", "date_to": "2026-03-07", "generated_at": "2026-03-03T15:43:18.620Z"}}, {"model": "dashboard.report", "pk": 2, "fields": {"report_type": "Weekly", "date_from": "2026-03-06", "date_to": "2026-03-14", "generated_at": "2026-03-03T16:07:51.267Z"}}, {"model": "dashboard.report", "pk": 3, "fields": {"report_type": "Daily", "date_from": "2026-03-02", "date_to": "2026-03-07", "generated_at": "2026-03-04T13:33:05.664Z"}}, {"model": "dashboard.report", "pk": 4, "fields": {"report_type": "Daily", "date_from": "2026-03-04", "date_to": "2026-03-07", "generated_at": "2026-03-04T13:48:39.523Z"}}, {"model": "dashboard.report", "pk": 5, "fields": {"report_type": "Daily", "date_from": "2026-02-01", "date_to": "2026-03-04", "generated_at": "2026-03-04T16:15:23.175Z"}}, {"model": "dashboard.report", "pk": 6, "fields": {"report_type": "Daily", "date_from": "2026-03-03", "date_to": "2026-03-04", "generated_at": "2026-03-04T16:16:49.662Z"}}, {"model": "dashboard.report", "pk": 7, "fields": {"report_type": "Weekly", "date_from": "2026-03-02", "date_to": "2026-03-03", "generated_at": "2026-03-04T16:24:14.268Z"}}, {"model": "dashboard.report", "pk": 8, "fields": {"report_type": "Weekly", "date_from": "2026-03-03", "date_to": "2026-03-07", "generated_at": "2026-03-05T13:44:35.601Z"}}, {"model": "dashboard.report", "pk": 9, "fields": {"report_type": "Monthly", "date_from": "2026-03-01", "date_to": "2026-03-03", "generated_at": "2026-03-05T14:04:40.932Z"}}, {"model": "dashboard.report", "pk": 10, "fields": {"report_type": "Daily", "date_from": "2026-03-03", "date_to": "2026-03-07", "generated_at": "2026-03-08T06:48:37.044Z"}}, {"model": "dashboard.documentdetail", "pk": 1, "fields": {"document": 1, "status": "Under Review", "priority": "Medium", "submitted_by": 2, "reviewed_by": 1, "notes": "Client requested changes in payment terms. Waiting for revised draft.", "created_at": "2026-03-03T15:41:33.573Z", "reviewed_at": "2026-03-05T15:40:56Z"}}, {"model": "dashboard.documentdetail", "pk": 2, "fields": {"document": 3, "status": "Under Review", "priority": "Medium", "submitted_by": 3, "reviewed_by": 4, "notes": "Legal team member handling agreements.", "created_at": "2026-03-03T16:00:24.265Z", "reviewed_at": "2026-03-06T16:00:22Z"}}, {"model": "dashboard.documentdetail", "pk": 3, "fields": {"document": 4, "status": "Under Review", "priority": "High", "submitted_by": 4, "reviewed_by": 3, "notes": "Approves high priority contracts.", "created_at": "2026-03-03T16:07:02.532Z", "reviewed_at": "2026-03-07T00:00:00Z"}}, {"model": "dashboard.documentdetail", "pk": 4, "fields": {"document": 6, "status": "Approved", "priority": "High", "submitted_by": 5, "reviewed_by": 6, "notes": "Signed and Approved", "created_at": "2026-03-04T13:29:44.043Z", "reviewed_at": "2026-03-05T06:00:00Z"}}, {"model": "dashboard.documentdetail", "pk": 5, "fields": {"document": 8, "status": "Under Review", "priority": "Medium", "submitted_by": 7, "reviewed_by": 8, "notes": "Being reviewed by Srilekha", "created_at": "2026-03-04T13:45:31.612Z", "reviewed_at": "2026-03-06T06:00:00Z"}}, {"model": "dashboard.documentdetail", "pk": 6, "fields": {"document": 11, "status": "Approved", "priority": "Medium", "submitted_by": 4, "reviewed_by": 3, "notes": "reviewed by sri", "created_at": "2026-03-04T14:06:13.149Z", "reviewed_at": "2026-03-04T12:00:00Z"}}, {"model": "dashboard.documentdetail", "pk": 7, "fields": {"document": 12, "status": "Under Review", "priority": "Medium", "submitted_by": 5, "reviewed_by": 2, "notes": "reviewed by srinidhi", "created_at": "2026-03-04T15:27:53.449Z", "reviewed_at": "2026-03-04T18:00:00Z"}}, {"model": "dashboard.documentdetail", "pk": 8, "fields": {"document": 7, "status": "Approved", "priority": "High", "submitted_by": 2, "reviewed_by": 6, "notes": "rental agreement is approved", "created_at": "2026-03-05T17:27:31.511Z", "reviewed_at": "2026-03-05T18:00:00Z"}}, {"model": "Document_Validation.document", "pk": 1, "fields": {"name": "srinidhi", "document_type": "Agreement", "client_name": "ABC Technologies Pvt Ltd", "upload_date": "2026-03-03T16:28:16.997Z", "status": "Pending", "issues": "Client has not cleared the pending invoice amount."}}, {"model": "Document_Validation.document", "pk": 2, "fields": {"name": "Vendor Registration Form", "document_type": "Registration Form", "client_name": "Reliance Retail", "upload_date": "2026-03-05T11:02:02.497Z", "status": "Valid", "issues": "no issues"}}, {"model": "Document_Validation.document", "pk": 3, "fields": {"name": "bookdhashupd.xlsx", "document_type": "Service Contract Agreement", "client_name": "Digital Wave Pvt Ltd", "upload_date": "2026-03-05T11:25:13.286Z", "status": "Pending", "issues": ""}}, {"model": "Document_Validation.document", "pk": 4, "fields": {"name": "dash.xlsx", "document_type": "Employment Contract", "client_name": "Kaduru Srinidhi", "upload_date": "2026-03-05T11:53:18.354Z", "status": "Pending", "issues": ""}}, {"model": "Document_Validation.document", "pk": 5, "fields": {"name": "Employment Contract", "document_type": "Employment Contract", "client_name": "Kaduru Srinidhi", "upload_date": "2026-03-05T11:55:45.497Z", "status": "Valid", "issues": "Signature required on page 5"}}, {"model": "Document_Validation.document", "pk": 6, "fields": {"name": "dash.xlsx", "document_type": "MoU", "client_name": "Rahul Verma", "upload_date": "2026-03-05T12:22:44.582Z", "status": "Pending", "issues": ""}}, {"model": "Document_Validation.document", "pk": 7, "fields": {"name": "Partnership Agreement", "document_type": "MoU", "client_name": "Rahul Verma", "upload_date": "2026-03-05T12:24:55.258Z", "status": "Valid", "issues": "No issues"}}, {"model": "Document_Validation.document", "pk": 8, "fields": {"name": "Internship Offer Letter", "document_type": "Offer Letter", "client_name": "Sneha Sharma", "upload_date": "2026-03-05T12:26:49.208Z", "status": "Invalid", "issues": "Rejected by legal team"}}, {"model": "Document_Validation.uploaddocuments", "pk": 1, "fields": {"document_type": "Business", "client_name": "Kaduru Srinidhi", "document_file": "uploaded_documents/Document_Management_Sheet_1.xlsx", "uploaded_at": "2026-03-03T18:22:37.306Z"}}, {"model": "Document_Validation.uploaddocuments", "pk": 2, "fields": {"document_type": "Service Contract Agreement", "client_name": "Digital Wave Pvt Ltd", "document_file": "uploaded_documents/bookdhashupd.xlsx", "uploaded_at": "2026-03-05T11:25:13.376Z"}}, {"model": "Document_Validation.uploaddocuments", "pk": 3, "fields": {"document_type": "Employment Contract", "client_name": "Kaduru Srinidhi", "document_file": "uploaded_documents/dash.xlsx", "uploaded_at": "2026-03-05T11:53:18.407Z"}}, {"model": "Document_Validation.uploaddocuments", "pk": 4, "fields": {"document_type": "MoU", "client_name": "Rahul Verma", "document_file": "uploaded_documents/dash_NljI6xw.xlsx", "uploaded_at": "2026-03-05T12:22:44.652Z"}}, {"model": "Agreement_Approvals.agreement", "pk": 1, "fields": {"agreement_id": "AGR-2026-001", "agreement_type": "Loan Agreement", "client_name": "ABC Technologies Pvt Ltd", "amount": "500000.00", "priority": "Medium", "assigned_to": "Priya Mehta", "status": "Pending", "submitted_date": "2026-03-03"}}, {"model": "Agreement_Approvals.agreement", "pk": 2, "fields": {"agreement_id": "AGR-2026-010", "agreement_type": "Collateral Agreement", "client_name": "srinidhi", "amount": "500000.00", "priority": "High", "assigned_to": "Amit", "status": "Approved", "submitted_date": "2026-03-03"}}, {"model": "Agreement_Approvals.agreement", "pk": 3, "fields": {"agreement_id": "AGR002", "agreement_type": "Guarantor Agreement", "client_name": "Kaduru Srnidhi", "amount": "360000.00", "priority": "Medium", "assigned_to": "Priya", "status": "Approved", "submitted_date": "2026-03-05"}}, {"model": "Agreement_Approvals.agreement", "pk": 4, "fields": {"agreement_id": "", "agreement_type": "Loan Agreement", "client_name": "lekha", "amount": "500000.00", "priority": "High", "assigned_to": "Amit", "status": "Pending", "submitted_date": "2026-03-05"}}, {"model": "Agreement_Approvals.agreement", "pk": 5, "fields": {"agreement_id": "AGR-9977", "agreement_type": "Collateral Agreement", "client_name": "sri", "amount": "600000.00", "priority": "Medium", "assigned_to": "Sneha Reddy", "status": "Pending", "submitted_date": "2026-03-05"}}, {"model": "Agreement_Approvals.agreement", "pk": 6, "fields": {"agreement_id": "AGR-9977", "agreement_type": "Collateral Agreement", "client_name": "sri", "amount": "600000.00", "priority": "Medium", "assigned_to": "Priya", "status": "Pending", "submitted_date": "2026-03-05"}}, {"model": "Agreement_Approvals.agreement", "pk": 7, "fields": {"agreement_id": "AGR-2026", "agreement_type": "Loan Agreement", "client_name": "ABC Technologies Pvt Ltd", "amount": "500000.00", "priority": "Medium", "assigned_to": "Sneha", "status": "Pending", "submitted_date": "2026-03-05"}}, {"model": "Agreement_Approvals.bulkassign", "pk": 1, "fields": {"assigned_to": "Priya", "agreements": [6]}}, {"model": "Agreement_Approvals.bulkassign", "pk": 2, "fields": {"assigned_to": "Sneha", "agreements": [7]}}]
